"var1";"var2";"level1";"level2";"count";"rowPerc";"colPerc";"totPerc"
"Position";"Device";"Thigh";"SenseWear";0;0;0;0
"Position";"Device";"Thigh";"Lifecorder";0;0;0;0
"Position";"Device";"Thigh";"Hookie";0;0;0;0
"Position";"Device";"Thigh";"GENEActiv";2;66,6666666666667;50;2,38095238095238
"Position";"Device";"Thigh";"Axivity";0;0;0;0
"Position";"Device";"Thigh";"ActivPAL";1;33,3333333333333;100;1,19047619047619
"Position";"Device";"Thigh";"Active style";0;0;0;0
"Position";"Device";"Thigh";"Actigraph";0;0;0;0
"Position";"Device";"Thigh";"Actical";0;0;0;0
"Position";"Device";"Hip / Waist";"SenseWear";0;0;0;0
"Position";"Device";"Hip / Waist";"Lifecorder";10;16,1290322580645;100;11,9047619047619
"Position";"Device";"Hip / Waist";"Hookie";8;12,9032258064516;100;9,52380952380952
"Position";"Device";"Hip / Waist";"GENEActiv";0;0;0;0
"Position";"Device";"Hip / Waist";"Axivity";0;0;0;0
"Position";"Device";"Hip / Waist";"ActivPAL";0;0;0;0
"Position";"Device";"Hip / Waist";"Active style";4;6,45161290322581;100;4,76190476190476
"Position";"Device";"Hip / Waist";"Actigraph";34;54,8387096774194;100;40,4761904761905
"Position";"Device";"Hip / Waist";"Actical";6;9,67741935483871;100;7,14285714285714
"Position";"Device";"Upper arm";"SenseWear";3;100;100;3,57142857142857
"Position";"Device";"Upper arm";"Lifecorder";0;0;0;0
"Position";"Device";"Upper arm";"Hookie";0;0;0;0
"Position";"Device";"Upper arm";"GENEActiv";0;0;0;0
"Position";"Device";"Upper arm";"Axivity";0;0;0;0
"Position";"Device";"Upper arm";"ActivPAL";0;0;0;0
"Position";"Device";"Upper arm";"Active style";0;0;0;0
"Position";"Device";"Upper arm";"Actigraph";0;0;0;0
"Position";"Device";"Upper arm";"Actical";0;0;0;0
"Position";"Device";"Wrist";"SenseWear";0;0;0;0
"Position";"Device";"Wrist";"Lifecorder";0;0;0;0
"Position";"Device";"Wrist";"Hookie";0;0;0;0
"Position";"Device";"Wrist";"GENEActiv";2;12,5;50;2,38095238095238
"Position";"Device";"Wrist";"Axivity";14;87,5;100;16,6666666666667
"Position";"Device";"Wrist";"ActivPAL";0;0;0;0
"Position";"Device";"Wrist";"Active style";0;0;0;0
"Position";"Device";"Wrist";"Actigraph";0;0;0;0
"Position";"Device";"Wrist";"Actical";0;0;0;0
"Position";"EpochDuration";"Thigh";"?";1;33,3333333333333;12,5;1,19047619047619
"Position";"EpochDuration";"Thigh";"60s";0;0;0;0
"Position";"EpochDuration";"Thigh";"30s";0;0;0;0
"Position";"EpochDuration";"Thigh";"10s";2;66,6666666666667;14,2857142857143;2,38095238095238
"Position";"EpochDuration";"Thigh";"4-6s";0;0;0;0
"Position";"EpochDuration";"Hip / Waist";"?";2;3,2258064516129;25;2,38095238095238
"Position";"EpochDuration";"Hip / Waist";"60s";38;61,2903225806452;95;45,2380952380952
"Position";"EpochDuration";"Hip / Waist";"30s";4;6,45161290322581;100;4,76190476190476
"Position";"EpochDuration";"Hip / Waist";"10s";0;0;0;0
"Position";"EpochDuration";"Hip / Waist";"4-6s";18;29,0322580645161;100;21,4285714285714
"Position";"EpochDuration";"Upper arm";"?";3;100;37,5;3,57142857142857
"Position";"EpochDuration";"Upper arm";"60s";0;0;0;0
"Position";"EpochDuration";"Upper arm";"30s";0;0;0;0
"Position";"EpochDuration";"Upper arm";"10s";0;0;0;0
"Position";"EpochDuration";"Upper arm";"4-6s";0;0;0;0
"Position";"EpochDuration";"Wrist";"?";2;12,5;25;2,38095238095238
"Position";"EpochDuration";"Wrist";"60s";2;12,5;5;2,38095238095238
"Position";"EpochDuration";"Wrist";"30s";0;0;0;0
"Position";"EpochDuration";"Wrist";"10s";12;75;85,7142857142857;14,2857142857143
"Position";"EpochDuration";"Wrist";"4-6s";0;0;0;0
"Position";"DropTime";"Thigh";"Yes";0;0;0;0
"Position";"DropTime";"Thigh";"No";3;100;4,28571428571429;3,57142857142857
"Position";"DropTime";"Hip / Waist";"Yes";13;20,9677419354839;92,8571428571429;15,4761904761905
"Position";"DropTime";"Hip / Waist";"No";49;79,0322580645161;70;58,3333333333333
"Position";"DropTime";"Upper arm";"Yes";0;0;0;0
"Position";"DropTime";"Upper arm";"No";3;100;4,28571428571429;3,57142857142857
"Position";"DropTime";"Wrist";"Yes";1;6,25;7,14285714285714;1,19047619047619
"Position";"DropTime";"Wrist";"No";15;93,75;21,4285714285714;17,8571428571429
"Position";"BoutDuration";"Thigh";"?";0;0;0;0
"Position";"BoutDuration";"Thigh";"15-60min";0;0;0;0
"Position";"BoutDuration";"Thigh";"10min";2;66,6666666666667;6,89655172413793;2,38095238095238
"Position";"BoutDuration";"Thigh";"2-5min";0;0;0;0
"Position";"BoutDuration";"Thigh";"1min";0;0;0;0
"Position";"BoutDuration";"Thigh";"10-32s";1;33,3333333333333;6,25;1,19047619047619
"Position";"BoutDuration";"Hip / Waist";"?";0;0;0;0
"Position";"BoutDuration";"Hip / Waist";"15-60min";4;6,45161290322581;100;4,76190476190476
"Position";"BoutDuration";"Hip / Waist";"10min";23;37,0967741935484;79,3103448275862;27,3809523809524
"Position";"BoutDuration";"Hip / Waist";"2-5min";7;11,2903225806452;58,3333333333333;8,33333333333333
"Position";"BoutDuration";"Hip / Waist";"1min";19;30,6451612903226;86,3636363636364;22,6190476190476
"Position";"BoutDuration";"Hip / Waist";"10-32s";9;14,5161290322581;56,25;10,7142857142857
"Position";"BoutDuration";"Upper arm";"?";1;33,3333333333333;100;1,19047619047619
"Position";"BoutDuration";"Upper arm";"15-60min";0;0;0;0
"Position";"BoutDuration";"Upper arm";"10min";1;33,3333333333333;3,44827586206897;1,19047619047619
"Position";"BoutDuration";"Upper arm";"2-5min";1;33,3333333333333;8,33333333333333;1,19047619047619
"Position";"BoutDuration";"Upper arm";"1min";0;0;0;0
"Position";"BoutDuration";"Upper arm";"10-32s";0;0;0;0
"Position";"BoutDuration";"Wrist";"?";0;0;0;0
"Position";"BoutDuration";"Wrist";"15-60min";0;0;0;0
"Position";"BoutDuration";"Wrist";"10min";3;18,75;10,3448275862069;3,57142857142857
"Position";"BoutDuration";"Wrist";"2-5min";4;25;33,3333333333333;4,76190476190476
"Position";"BoutDuration";"Wrist";"1min";3;18,75;13,6363636363636;3,57142857142857
"Position";"BoutDuration";"Wrist";"10-32s";6;37,5;37,5;7,14285714285714
"Device";"EpochDuration";"SenseWear";"?";3;100;37,5;3,57142857142857
"Device";"EpochDuration";"SenseWear";"60s";0;0;0;0
"Device";"EpochDuration";"SenseWear";"30s";0;0;0;0
"Device";"EpochDuration";"SenseWear";"10s";0;0;0;0
"Device";"EpochDuration";"SenseWear";"4-6s";0;0;0;0
"Device";"EpochDuration";"Lifecorder";"?";0;0;0;0
"Device";"EpochDuration";"Lifecorder";"60s";0;0;0;0
"Device";"EpochDuration";"Lifecorder";"30s";0;0;0;0
"Device";"EpochDuration";"Lifecorder";"10s";0;0;0;0
"Device";"EpochDuration";"Lifecorder";"4-6s";10;100;55,5555555555556;11,9047619047619
"Device";"EpochDuration";"Hookie";"?";0;0;0;0
"Device";"EpochDuration";"Hookie";"60s";0;0;0;0
"Device";"EpochDuration";"Hookie";"30s";0;0;0;0
"Device";"EpochDuration";"Hookie";"10s";0;0;0;0
"Device";"EpochDuration";"Hookie";"4-6s";8;100;44,4444444444444;9,52380952380952
"Device";"EpochDuration";"GENEActiv";"?";0;0;0;0
"Device";"EpochDuration";"GENEActiv";"60s";2;50;5;2,38095238095238
"Device";"EpochDuration";"GENEActiv";"30s";0;0;0;0
"Device";"EpochDuration";"GENEActiv";"10s";2;50;14,2857142857143;2,38095238095238
"Device";"EpochDuration";"GENEActiv";"4-6s";0;0;0;0
"Device";"EpochDuration";"Axivity";"?";2;14,2857142857143;25;2,38095238095238
"Device";"EpochDuration";"Axivity";"60s";0;0;0;0
"Device";"EpochDuration";"Axivity";"30s";0;0;0;0
"Device";"EpochDuration";"Axivity";"10s";12;85,7142857142857;85,7142857142857;14,2857142857143
"Device";"EpochDuration";"Axivity";"4-6s";0;0;0;0
"Device";"EpochDuration";"ActivPAL";"?";1;100;12,5;1,19047619047619
"Device";"EpochDuration";"ActivPAL";"60s";0;0;0;0
"Device";"EpochDuration";"ActivPAL";"30s";0;0;0;0
"Device";"EpochDuration";"ActivPAL";"10s";0;0;0;0
"Device";"EpochDuration";"ActivPAL";"4-6s";0;0;0;0
"Device";"EpochDuration";"Active style";"?";0;0;0;0
"Device";"EpochDuration";"Active style";"60s";4;100;10;4,76190476190476
"Device";"EpochDuration";"Active style";"30s";0;0;0;0
"Device";"EpochDuration";"Active style";"10s";0;0;0;0
"Device";"EpochDuration";"Active style";"4-6s";0;0;0;0
"Device";"EpochDuration";"Actigraph";"?";2;5,88235294117647;25;2,38095238095238
"Device";"EpochDuration";"Actigraph";"60s";30;88,2352941176471;75;35,7142857142857
"Device";"EpochDuration";"Actigraph";"30s";2;5,88235294117647;50;2,38095238095238
"Device";"EpochDuration";"Actigraph";"10s";0;0;0;0
"Device";"EpochDuration";"Actigraph";"4-6s";0;0;0;0
"Device";"EpochDuration";"Actical";"?";0;0;0;0
"Device";"EpochDuration";"Actical";"60s";4;66,6666666666667;10;4,76190476190476
"Device";"EpochDuration";"Actical";"30s";2;33,3333333333333;50;2,38095238095238
"Device";"EpochDuration";"Actical";"10s";0;0;0;0
"Device";"EpochDuration";"Actical";"4-6s";0;0;0;0
"Device";"DropTime";"SenseWear";"Yes";0;0;0;0
"Device";"DropTime";"SenseWear";"No";3;100;4,28571428571429;3,57142857142857
"Device";"DropTime";"Lifecorder";"Yes";0;0;0;0
"Device";"DropTime";"Lifecorder";"No";10;100;14,2857142857143;11,9047619047619
"Device";"DropTime";"Hookie";"Yes";0;0;0;0
"Device";"DropTime";"Hookie";"No";8;100;11,4285714285714;9,52380952380952
"Device";"DropTime";"GENEActiv";"Yes";1;25;7,14285714285714;1,19047619047619
"Device";"DropTime";"GENEActiv";"No";3;75;4,28571428571429;3,57142857142857
"Device";"DropTime";"Axivity";"Yes";0;0;0;0
"Device";"DropTime";"Axivity";"No";14;100;20;16,6666666666667
"Device";"DropTime";"ActivPAL";"Yes";0;0;0;0
"Device";"DropTime";"ActivPAL";"No";1;100;1,42857142857143;1,19047619047619
"Device";"DropTime";"Active style";"Yes";2;50;14,2857142857143;2,38095238095238
"Device";"DropTime";"Active style";"No";2;50;2,85714285714286;2,38095238095238
"Device";"DropTime";"Actigraph";"Yes";9;26,4705882352941;64,2857142857143;10,7142857142857
"Device";"DropTime";"Actigraph";"No";25;73,5294117647059;35,7142857142857;29,7619047619048
"Device";"DropTime";"Actical";"Yes";2;33,3333333333333;14,2857142857143;2,38095238095238
"Device";"DropTime";"Actical";"No";4;66,6666666666667;5,71428571428571;4,76190476190476
"Device";"BoutDuration";"SenseWear";"?";1;33,3333333333333;100;1,19047619047619
"Device";"BoutDuration";"SenseWear";"15-60min";0;0;0;0
"Device";"BoutDuration";"SenseWear";"10min";1;33,3333333333333;3,44827586206897;1,19047619047619
"Device";"BoutDuration";"SenseWear";"2-5min";1;33,3333333333333;8,33333333333333;1,19047619047619
"Device";"BoutDuration";"SenseWear";"1min";0;0;0;0
"Device";"BoutDuration";"SenseWear";"10-32s";0;0;0;0
"Device";"BoutDuration";"Lifecorder";"?";0;0;0;0
"Device";"BoutDuration";"Lifecorder";"15-60min";0;0;0;0
"Device";"BoutDuration";"Lifecorder";"10min";2;20;6,89655172413793;2,38095238095238
"Device";"BoutDuration";"Lifecorder";"2-5min";4;40;33,3333333333333;4,76190476190476
"Device";"BoutDuration";"Lifecorder";"1min";2;20;9,09090909090909;2,38095238095238
"Device";"BoutDuration";"Lifecorder";"10-32s";2;20;12,5;2,38095238095238
"Device";"BoutDuration";"Hookie";"?";0;0;0;0
"Device";"BoutDuration";"Hookie";"15-60min";2;25;50;2,38095238095238
"Device";"BoutDuration";"Hookie";"10min";1;12,5;3,44827586206897;1,19047619047619
"Device";"BoutDuration";"Hookie";"2-5min";1;12,5;8,33333333333333;1,19047619047619
"Device";"BoutDuration";"Hookie";"1min";0;0;0;0
"Device";"BoutDuration";"Hookie";"10-32s";4;50;25;4,76190476190476
"Device";"BoutDuration";"GENEActiv";"?";0;0;0;0
"Device";"BoutDuration";"GENEActiv";"15-60min";0;0;0;0
"Device";"BoutDuration";"GENEActiv";"10min";2;50;6,89655172413793;2,38095238095238
"Device";"BoutDuration";"GENEActiv";"2-5min";0;0;0;0
"Device";"BoutDuration";"GENEActiv";"1min";1;25;4,54545454545455;1,19047619047619
"Device";"BoutDuration";"GENEActiv";"10-32s";1;25;6,25;1,19047619047619
"Device";"BoutDuration";"Axivity";"?";0;0;0;0
"Device";"BoutDuration";"Axivity";"15-60min";0;0;0;0
"Device";"BoutDuration";"Axivity";"10min";2;14,2857142857143;6,89655172413793;2,38095238095238
"Device";"BoutDuration";"Axivity";"2-5min";4;28,5714285714286;33,3333333333333;4,76190476190476
"Device";"BoutDuration";"Axivity";"1min";2;14,2857142857143;9,09090909090909;2,38095238095238
"Device";"BoutDuration";"Axivity";"10-32s";6;42,8571428571429;37,5;7,14285714285714
"Device";"BoutDuration";"ActivPAL";"?";0;0;0;0
"Device";"BoutDuration";"ActivPAL";"15-60min";0;0;0;0
"Device";"BoutDuration";"ActivPAL";"10min";1;100;3,44827586206897;1,19047619047619
"Device";"BoutDuration";"ActivPAL";"2-5min";0;0;0;0
"Device";"BoutDuration";"ActivPAL";"1min";0;0;0;0
"Device";"BoutDuration";"ActivPAL";"10-32s";0;0;0;0
"Device";"BoutDuration";"Active style";"?";0;0;0;0
"Device";"BoutDuration";"Active style";"15-60min";0;0;0;0
"Device";"BoutDuration";"Active style";"10min";2;50;6,89655172413793;2,38095238095238
"Device";"BoutDuration";"Active style";"2-5min";0;0;0;0
"Device";"BoutDuration";"Active style";"1min";2;50;9,09090909090909;2,38095238095238
"Device";"BoutDuration";"Active style";"10-32s";0;0;0;0
"Device";"BoutDuration";"Actigraph";"?";0;0;0;0
"Device";"BoutDuration";"Actigraph";"15-60min";2;5,88235294117647;50;2,38095238095238
"Device";"BoutDuration";"Actigraph";"10min";15;44,1176470588235;51,7241379310345;17,8571428571429
"Device";"BoutDuration";"Actigraph";"2-5min";2;5,88235294117647;16,6666666666667;2,38095238095238
"Device";"BoutDuration";"Actigraph";"1min";13;38,2352941176471;59,0909090909091;15,4761904761905
"Device";"BoutDuration";"Actigraph";"10-32s";2;5,88235294117647;12,5;2,38095238095238
"Device";"BoutDuration";"Actical";"?";0;0;0;0
"Device";"BoutDuration";"Actical";"15-60min";0;0;0;0
"Device";"BoutDuration";"Actical";"10min";3;50;10,3448275862069;3,57142857142857
"Device";"BoutDuration";"Actical";"2-5min";0;0;0;0
"Device";"BoutDuration";"Actical";"1min";2;33,3333333333333;9,09090909090909;2,38095238095238
"Device";"BoutDuration";"Actical";"10-32s";1;16,6666666666667;6,25;1,19047619047619
"EpochDuration";"DropTime";"?";"Yes";1;12,5;7,14285714285714;1,19047619047619
"EpochDuration";"DropTime";"?";"No";7;87,5;10;8,33333333333333
"EpochDuration";"DropTime";"60s";"Yes";11;27,5;78,5714285714286;13,0952380952381
"EpochDuration";"DropTime";"60s";"No";29;72,5;41,4285714285714;34,5238095238095
"EpochDuration";"DropTime";"30s";"Yes";2;50;14,2857142857143;2,38095238095238
"EpochDuration";"DropTime";"30s";"No";2;50;2,85714285714286;2,38095238095238
"EpochDuration";"DropTime";"10s";"Yes";0;0;0;0
"EpochDuration";"DropTime";"10s";"No";14;100;20;16,6666666666667
"EpochDuration";"DropTime";"4-6s";"Yes";0;0;0;0
"EpochDuration";"DropTime";"4-6s";"No";18;100;25,7142857142857;21,4285714285714
"EpochDuration";"BoutDuration";"?";"?";1;12,5;100;1,19047619047619
"EpochDuration";"BoutDuration";"?";"15-60min";0;0;0;0
"EpochDuration";"BoutDuration";"?";"10min";4;50;13,7931034482759;4,76190476190476
"EpochDuration";"BoutDuration";"?";"2-5min";1;12,5;8,33333333333333;1,19047619047619
"EpochDuration";"BoutDuration";"?";"1min";1;12,5;4,54545454545455;1,19047619047619
"EpochDuration";"BoutDuration";"?";"10-32s";1;12,5;6,25;1,19047619047619
"EpochDuration";"BoutDuration";"60s";"?";0;0;0;0
"EpochDuration";"BoutDuration";"60s";"15-60min";2;5;50;2,38095238095238
"EpochDuration";"BoutDuration";"60s";"10min";18;45;62,0689655172414;21,4285714285714
"EpochDuration";"BoutDuration";"60s";"2-5min";2;5;16,6666666666667;2,38095238095238
"EpochDuration";"BoutDuration";"60s";"1min";18;45;81,8181818181818;21,4285714285714
"EpochDuration";"BoutDuration";"60s";"10-32s";0;0;0;0
"EpochDuration";"BoutDuration";"30s";"?";0;0;0;0
"EpochDuration";"BoutDuration";"30s";"15-60min";0;0;0;0
"EpochDuration";"BoutDuration";"30s";"10min";2;50;6,89655172413793;2,38095238095238
"EpochDuration";"BoutDuration";"30s";"2-5min";0;0;0;0
"EpochDuration";"BoutDuration";"30s";"1min";0;0;0;0
"EpochDuration";"BoutDuration";"30s";"10-32s";2;50;12,5;2,38095238095238
"EpochDuration";"BoutDuration";"10s";"?";0;0;0;0
"EpochDuration";"BoutDuration";"10s";"15-60min";0;0;0;0
"EpochDuration";"BoutDuration";"10s";"10min";2;14,2857142857143;6,89655172413793;2,38095238095238
"EpochDuration";"BoutDuration";"10s";"2-5min";4;28,5714285714286;33,3333333333333;4,76190476190476
"EpochDuration";"BoutDuration";"10s";"1min";1;7,14285714285714;4,54545454545455;1,19047619047619
"EpochDuration";"BoutDuration";"10s";"10-32s";7;50;43,75;8,33333333333333
"EpochDuration";"BoutDuration";"4-6s";"?";0;0;0;0
"EpochDuration";"BoutDuration";"4-6s";"15-60min";2;11,1111111111111;50;2,38095238095238
"EpochDuration";"BoutDuration";"4-6s";"10min";3;16,6666666666667;10,3448275862069;3,57142857142857
"EpochDuration";"BoutDuration";"4-6s";"2-5min";5;27,7777777777778;41,6666666666667;5,95238095238095
"EpochDuration";"BoutDuration";"4-6s";"1min";2;11,1111111111111;9,09090909090909;2,38095238095238
"EpochDuration";"BoutDuration";"4-6s";"10-32s";6;33,3333333333333;37,5;7,14285714285714
"DropTime";"BoutDuration";"Yes";"?";0;0;0;0
"DropTime";"BoutDuration";"Yes";"15-60min";0;0;0;0
"DropTime";"BoutDuration";"Yes";"10min";13;92,8571428571429;44,8275862068966;15,4761904761905
"DropTime";"BoutDuration";"Yes";"2-5min";1;7,14285714285714;8,33333333333333;1,19047619047619
"DropTime";"BoutDuration";"Yes";"1min";0;0;0;0
"DropTime";"BoutDuration";"Yes";"10-32s";0;0;0;0
"DropTime";"BoutDuration";"No";"?";1;1,42857142857143;100;1,19047619047619
"DropTime";"BoutDuration";"No";"15-60min";4;5,71428571428571;100;4,76190476190476
"DropTime";"BoutDuration";"No";"10min";16;22,8571428571429;55,1724137931034;19,047619047619
"DropTime";"BoutDuration";"No";"2-5min";11;15,7142857142857;91,6666666666667;13,0952380952381
"DropTime";"BoutDuration";"No";"1min";22;31,4285714285714;100;26,1904761904762
"DropTime";"BoutDuration";"No";"10-32s";16;22,8571428571429;100;19,047619047619
